Case,execution_time(ms)
1,0.10280639976263047
2,0.0695200003683567
3,0.08427519984543323
4,0.06747199967503548
5,0.06983040124177933
6,0.07157760187983513
7,0.07628800198435784
8,0.08190719783306122
9,0.053756799176335336
10,0.11775360107421876
11,0.09696960225701332
12,0.11581120118498803
13,0.11796480268239976
14,0.05917440056800842
15,0.14397120028734206
16,0.12185280099511146
17,0.11918400153517723
18,0.20755839794874192
19,0.0936928004026413
20,0.17397439926862718
