Case,execution time(ms)
1,0.0494471
2,0.0260583
3,0.019135700000000002
4,0.0682464
5,0.0268384
6,0.1125899
7,0.0339254
8,0.0625935
9,0.0289498
10,0.033733
11,0.14489059999999998
12,0.054717100000000005
13,0.084165
14,0.0473408
15,0.0768423
16,0.21853509999999998
17,0.08773779999999999
18,0.17307679999999998
19,0.0541536
20,0.1342161
